{
  "snli_tr_1_1": {
    "test": {
      "accuracy": 0.4697679153094462,
      "f1_macro": 0.38968109507471155,
      "f1_per_class": {
        "entailment": 0.6842874219683889,
        "neutral": 0.4510919017288444,
        "contradiction": 0.03366396152690111
      }
    }
  },
  "multinli_tr_1_1": {
    "validation_matched": {
      "accuracy": 0.4933224589662555,
      "f1_macro": 0.45893345192765134,
      "f1_per_class": {
        "entailment": 0.6585723815877251,
        "neutral": 0.4577833125778331,
        "contradiction": 0.26044466161739555
      }
    },
    "validation_mismatched": {
      "accuracy": 0.4939440203562341,
      "f1_macro": 0.4588069521368137,
      "f1_per_class": {
        "entailment": 0.6706246773360868,
        "neutral": 0.4378698224852071,
        "contradiction": 0.26792635658914726
      }
    }
  },
  "trglue_mnli": {
    "test_matched": {
      "accuracy": 0.6347690941385435,
      "f1_macro": 0.6143392546492867,
      "f1_per_class": {
        "entailment": 0.7308085977482088,
        "neutral": 0.6385125396367829,
        "contradiction": 0.4736966265628686
      }
    },
    "test_mismatched": {
      "accuracy": 0.661929044157535,
      "f1_macro": 0.6454051299272238,
      "f1_per_class": {
        "entailment": 0.7805567330789883,
        "neutral": 0.6244579358196011,
        "contradiction": 0.5312007208830818
      }
    }
  }
}