{
  "model": "MoritzLaurer/mDeBERTa-v3-base-mnli-xnli",
  "scenario": "single_mnli",
  "datasets": [
    "multinli_tr_1_1"
  ],
  "n_splits": 2,
  "per_split": {
    "multinli_tr_1_1__validation_matched": {
      "accuracy": 0.765,
      "f1_macro": 0.7657131386128677,
      "f1_weighted": 0.7656808190304125,
      "f1_per_class": {
        "entailment": 0.7654320987654321,
        "neutral": 0.7317073170731707,
        "contradiction": 0.8
      },
      "classification_report": {
        "entailment": {
          "precision": 0.775,
          "recall": 0.7560975609756098,
          "f1-score": 0.7654320987654321,
          "support": 82.0
        },
        "neutral": {
          "precision": 0.703125,
          "recall": 0.7627118644067796,
          "f1-score": 0.7317073170731707,
          "support": 59.0
        },
        "contradiction": {
          "precision": 0.8214285714285714,
          "recall": 0.7796610169491526,
          "f1-score": 0.8,
          "support": 59.0
        },
        "accuracy": 0.765,
        "macro avg": {
          "precision": 0.7665178571428571,
          "recall": 0.7661568141105141,
          "f1-score": 0.7657131386128677,
          "support": 200.0
        },
        "weighted avg": {
          "precision": 0.7674933035714286,
          "recall": 0.765,
          "f1-score": 0.7656808190304125,
          "support": 200.0
        }
      }
    },
    "multinli_tr_1_1__validation_mismatched": {
      "accuracy": 0.78,
      "f1_macro": 0.7799702712746192,
      "f1_weighted": 0.7794069119286511,
      "f1_per_class": {
        "entailment": 0.7681159420289855,
        "neutral": 0.7384615384615385,
        "contradiction": 0.8333333333333334
      },
      "classification_report": {
        "entailment": {
          "precision": 0.726027397260274,
          "recall": 0.8153846153846154,
          "f1-score": 0.7681159420289855,
          "support": 65.0
        },
        "neutral": {
          "precision": 0.7868852459016393,
          "recall": 0.6956521739130435,
          "f1-score": 0.7384615384615385,
          "support": 69.0
        },
        "contradiction": {
          "precision": 0.8333333333333334,
          "recall": 0.8333333333333334,
          "f1-score": 0.8333333333333334,
          "support": 66.0
        },
        "accuracy": 0.78,
        "macro avg": {
          "precision": 0.7820819921650822,
          "recall": 0.781456707543664,
          "f1-score": 0.7799702712746192,
          "support": 200.0
        },
        "weighted avg": {
          "precision": 0.7824343139456547,
          "recall": 0.78,
          "f1-score": 0.7794069119286511,
          "support": 200.0
        }
      }
    }
  },
  "combined": {
    "accuracy": 0.7725,
    "f1_macro": 0.7732194324871671,
    "f1_weighted": 0.7725737186154806,
    "f1_per_class": {
      "entailment": 0.7666666666666667,
      "neutral": 0.7351778656126482,
      "contradiction": 0.8178137651821862
    },
    "classification_report": {
      "entailment": {
        "precision": 0.7516339869281046,
        "recall": 0.782312925170068,
        "f1-score": 0.7666666666666667,
        "support": 147.0
      },
      "neutral": {
        "precision": 0.744,
        "recall": 0.7265625,
        "f1-score": 0.7351778656126482,
        "support": 128.0
      },
      "contradiction": {
        "precision": 0.8278688524590164,
        "recall": 0.808,
        "f1-score": 0.8178137651821862,
        "support": 125.0
      },
      "accuracy": 0.7725,
      "macro avg": {
        "precision": 0.7745009464623737,
        "recall": 0.7722918083900226,
        "f1-score": 0.7732194324871671,
        "support": 400.0
      },
      "weighted avg": {
        "precision": 0.7730145065895211,
        "recall": 0.7725,
        "f1-score": 0.7725737186154806,
        "support": 400.0
      }
    }
  }
}