{
  "snli_tr_1_1": {
    "test": {
      "accuracy": 0.7333061889250815,
      "f1_macro": 0.7292156218096406,
      "f1_per_class": {
        "entailment": 0.7858448681117786,
        "neutral": 0.6800505848877648,
        "contradiction": 0.7217514124293786
      }
    }
  },
  "multinli_tr_1_1": {
    "validation_matched": {
      "accuracy": 0.7892751554694668,
      "f1_macro": 0.7877823189786793,
      "f1_per_class": {
        "entailment": 0.8090075062552127,
        "neutral": 0.7449432659102121,
        "contradiction": 0.8093961847706133
      }
    },
    "validation_mismatched": {
      "accuracy": 0.7978625954198473,
      "f1_macro": 0.7958340579029324,
      "f1_per_class": {
        "entailment": 0.8213114754098361,
        "neutral": 0.7447337866976281,
        "contradiction": 0.8214569116013332
      }
    }
  },
  "trglue_mnli": {
    "test_matched": {
      "accuracy": 0.7965142095914742,
      "f1_macro": 0.7935142625188152,
      "f1_per_class": {
        "entailment": 0.8257396449704142,
        "neutral": 0.7511808048365766,
        "contradiction": 0.803622337749455
      }
    },
    "test_mismatched": {
      "accuracy": 0.8424650103070414,
      "f1_macro": 0.838727005906308,
      "f1_per_class": {
        "entailment": 0.8752969121140143,
        "neutral": 0.7867370007535796,
        "contradiction": 0.8541471048513302
      }
    }
  }
}