{
  "model": "MoritzLaurer/mDeBERTa-v3-base-mnli-xnli",
  "scenario": "triple_all",
  "datasets": [
    "snli_tr_1_1",
    "multinli_tr_1_1",
    "trglue_mnli"
  ],
  "n_splits": 5,
  "per_split": {
    "snli_tr_1_1__test": {
      "accuracy": 0.735,
      "f1_macro": 0.7273153183447788,
      "f1_weighted": 0.7286589902429028,
      "f1_per_class": {
        "entailment": 0.8050314465408805,
        "neutral": 0.6917293233082706,
        "contradiction": 0.6851851851851852
      },
      "classification_report": {
        "entailment": {
          "precision": 0.7111111111111111,
          "recall": 0.927536231884058,
          "f1-score": 0.8050314465408805,
          "support": 69.0
        },
        "neutral": {
          "precision": 0.6764705882352942,
          "recall": 0.7076923076923077,
          "f1-score": 0.6917293233082706,
          "support": 65.0
        },
        "contradiction": {
          "precision": 0.8809523809523809,
          "recall": 0.5606060606060606,
          "f1-score": 0.6851851851851852,
          "support": 66.0
        },
        "accuracy": 0.735,
        "macro avg": {
          "precision": 0.756178026766262,
          "recall": 0.7319448667274754,
          "f1-score": 0.7273153183447788,
          "support": 200.0
        },
        "weighted avg": {
          "precision": 0.7559005602240896,
          "recall": 0.735,
          "f1-score": 0.7286589902429028,
          "support": 200.0
        }
      }
    },
    "multinli_tr_1_1__validation_matched": {
      "accuracy": 0.765,
      "f1_macro": 0.7657131386128677,
      "f1_weighted": 0.7656808190304125,
      "f1_per_class": {
        "entailment": 0.7654320987654321,
        "neutral": 0.7317073170731707,
        "contradiction": 0.8
      },
      "classification_report": {
        "entailment": {
          "precision": 0.775,
          "recall": 0.7560975609756098,
          "f1-score": 0.7654320987654321,
          "support": 82.0
        },
        "neutral": {
          "precision": 0.703125,
          "recall": 0.7627118644067796,
          "f1-score": 0.7317073170731707,
          "support": 59.0
        },
        "contradiction": {
          "precision": 0.8214285714285714,
          "recall": 0.7796610169491526,
          "f1-score": 0.8,
          "support": 59.0
        },
        "accuracy": 0.765,
        "macro avg": {
          "precision": 0.7665178571428571,
          "recall": 0.7661568141105141,
          "f1-score": 0.7657131386128677,
          "support": 200.0
        },
        "weighted avg": {
          "precision": 0.7674933035714286,
          "recall": 0.765,
          "f1-score": 0.7656808190304125,
          "support": 200.0
        }
      }
    },
    "multinli_tr_1_1__validation_mismatched": {
      "accuracy": 0.78,
      "f1_macro": 0.7799702712746192,
      "f1_weighted": 0.7794069119286511,
      "f1_per_class": {
        "entailment": 0.7681159420289855,
        "neutral": 0.7384615384615385,
        "contradiction": 0.8333333333333334
      },
      "classification_report": {
        "entailment": {
          "precision": 0.726027397260274,
          "recall": 0.8153846153846154,
          "f1-score": 0.7681159420289855,
          "support": 65.0
        },
        "neutral": {
          "precision": 0.7868852459016393,
          "recall": 0.6956521739130435,
          "f1-score": 0.7384615384615385,
          "support": 69.0
        },
        "contradiction": {
          "precision": 0.8333333333333334,
          "recall": 0.8333333333333334,
          "f1-score": 0.8333333333333334,
          "support": 66.0
        },
        "accuracy": 0.78,
        "macro avg": {
          "precision": 0.7820819921650822,
          "recall": 0.781456707543664,
          "f1-score": 0.7799702712746192,
          "support": 200.0
        },
        "weighted avg": {
          "precision": 0.7824343139456547,
          "recall": 0.78,
          "f1-score": 0.7794069119286511,
          "support": 200.0
        }
      }
    },
    "trglue_mnli__test_matched": {
      "accuracy": 0.81,
      "f1_macro": 0.8069890116913413,
      "f1_weighted": 0.8043481826150075,
      "f1_per_class": {
        "entailment": 0.8552631578947368,
        "neutral": 0.746031746031746,
        "contradiction": 0.819672131147541
      },
      "classification_report": {
        "entailment": {
          "precision": 0.7647058823529411,
          "recall": 0.9701492537313433,
          "f1-score": 0.8552631578947368,
          "support": 67.0
        },
        "neutral": {
          "precision": 0.9038461538461539,
          "recall": 0.6351351351351351,
          "f1-score": 0.746031746031746,
          "support": 74.0
        },
        "contradiction": {
          "precision": 0.7936507936507936,
          "recall": 0.847457627118644,
          "f1-score": 0.819672131147541,
          "support": 59.0
        },
        "accuracy": 0.81,
        "macro avg": {
          "precision": 0.8207342766166295,
          "recall": 0.8175806719950408,
          "f1-score": 0.8069890116913413,
          "support": 200.0
        },
        "weighted avg": {
          "precision": 0.8247265316382963,
          "recall": 0.81,
          "f1-score": 0.8043481826150075,
          "support": 200.0
        }
      }
    },
    "trglue_mnli__test_mismatched": {
      "accuracy": 0.855,
      "f1_macro": 0.8513985161787215,
      "f1_weighted": 0.8528446813488929,
      "f1_per_class": {
        "entailment": 0.8888888888888888,
        "neutral": 0.8103448275862069,
        "contradiction": 0.8549618320610687
      },
      "classification_report": {
        "entailment": {
          "precision": 0.85,
          "recall": 0.9315068493150684,
          "f1-score": 0.8888888888888888,
          "support": 73.0
        },
        "neutral": {
          "precision": 0.9215686274509803,
          "recall": 0.7230769230769231,
          "f1-score": 0.8103448275862069,
          "support": 65.0
        },
        "contradiction": {
          "precision": 0.8115942028985508,
          "recall": 0.9032258064516129,
          "f1-score": 0.8549618320610687,
          "support": 62.0
        },
        "accuracy": 0.855,
        "macro avg": {
          "precision": 0.861054276783177,
          "recall": 0.8526031929478681,
          "f1-score": 0.8513985161787215,
          "support": 200.0
        },
        "weighted avg": {
          "precision": 0.8613540068201193,
          "recall": 0.855,
          "f1-score": 0.8528446813488929,
          "support": 200.0
        }
      }
    }
  },
  "combined": {
    "accuracy": 0.789,
    "f1_macro": 0.7871412407364828,
    "f1_weighted": 0.7875421384354272,
    "f1_per_class": {
      "entailment": 0.8167539267015707,
      "neutral": 0.7420382165605095,
      "contradiction": 0.8026315789473685
    },
    "classification_report": {
      "entailment": {
        "precision": 0.7647058823529411,
        "recall": 0.8764044943820225,
        "f1-score": 0.8167539267015707,
        "support": 356.0
      },
      "neutral": {
        "precision": 0.7871621621621622,
        "recall": 0.7018072289156626,
        "f1-score": 0.7420382165605095,
        "support": 332.0
      },
      "contradiction": {
        "precision": 0.8243243243243243,
        "recall": 0.782051282051282,
        "f1-score": 0.8026315789473685,
        "support": 312.0
      },
      "accuracy": 0.789,
      "macro avg": {
        "precision": 0.792064122946476,
        "recall": 0.7867543351163224,
        "f1-score": 0.7871412407364828,
        "support": 1000.0
      },
      "weighted avg": {
        "precision": 0.7907623211446742,
        "recall": 0.789,