{
  "snli+trglue": {
    "accuracy": 0.7656249718091476,
    "f1_macro": 0.761805001460736,
    "f1_per_class": {
      "entailment": 0.810097397023192,
      "neutral": 0.7133912041030073,
      "contradiction": 0.7619264032560089
    }
  }
}