{
  "combined_snli_trglue": {
    "test": {
      "accuracy": 0.7897251238903348,
      "f1_macro": 0.7864662158601989,
      "f1_per_class": {
        "entailment": 0.8273122753924721,
        "neutral": 0.7360151219800343,
        "contradiction": 0.7960712502080906
      }
    }
  }
}