{
  "trglue_mnli": {
    "test_matched": {
      "accuracy": 0.7501110124333925,
      "f1_macro": 0.7434152283359916,
      "f1_per_class": {
        "entailment": 0.830902885510394,
        "neutral": 0.6543597800471328,
        "contradiction": 0.7449830194504476
      },
      "confusion_matrix": [
        [
          2678,
          167,
          79
        ],
        [
          432,
          1666,
          1040
        ],
        [
          412,
          121,
          2413
        ]
      ]
    },
    "test_mismatched": {
      "accuracy": 0.8133883042204622,
      "f1_macro": 0.8068353917678494,
      "f1_per_class": {
        "entailment": 0.8885114268066708,
        "neutral": 0.7194216490816725,
        "contradiction": 0.8125730994152047
      },
      "confusion_matrix": [
        [
          2877,
          148,
          76
        ],
        [
          290,
          1841,
          912
        ],
        [
          208,
          86,
          2779
        ]
      ]
    }
  }
}