{
  "snli_tr_1_1": {
    "test": {
      "accuracy": 0.33316368078175895,
      "f1_macro": 0.25460515392061583,
      "f1_per_class": {
        "entailment": 0.041827187671986794,
        "neutral": 0.4610659439927733,
        "contradiction": 0.2609223300970874
      }
    }
  },
  "multinli_tr_1_1": {
    "validation_matched": {
      "accuracy": 0.3189927617494138,
      "f1_macro": 0.21121905351004597,
      "f1_per_class": {
        "entailment": 0.10204572803850782,
        "neutral": 0.4701255230125523,
        "contradiction": 0.06148590947907771
      }
    },
    "validation_mismatched": {
      "accuracy": 0.3198982188295165,
      "f1_macro": 0.2030390044134643,
      "f1_per_class": {
        "entailment": 0.07424357996440377,
        "neutral": 0.47333497173752764,
        "contradiction": 0.06153846153846154
      }
    }
  },
  "trglue_mnli": {
    "test_matched": {
      "accuracy": 0.34402753108348133,
      "f1_macro": 0.19390258929958168,
      "f1_per_class": {
        "entailment": 0.03797875764402961,
        "neutral": 0.5067980965329708,
        "contradiction": 0.03693091372174467
      }
    },
    "test_mismatched": {
      "accuracy": 0.32581100141043723,
      "f1_macro": 0.1903790196217839,
      "f1_per_class": {
        "entailment": 0.04774694121157863,
        "neutral": 0.4843300016940539,
        "contradiction": 0.039060115959719255
      }
    }
  }
}