{
  "trglue_mnli": {
    "test_matched": {
      "accuracy": 0.7966252220248667,
      "f1_macro": 0.793616482258105,
      "f1_per_class": {
        "entailment": 0.8258941767661838,
        "neutral": 0.7514647514647514,
        "contradiction": 0.8034905185433797
      },
      "confusion_matrix": [
        [
          2794,
          99,
          31
        ],
        [
          562,
          1988,
          588
        ],
        [
          486,
          66,
          2394
        ]
      ]
    },
    "test_mismatched": {
      "accuracy": 0.8430074861668656,
      "f1_macro": 0.8393057299422249,
      "f1_per_class": {
        "entailment": 0.8762074602466934,
        "neutral": 0.7876506024096386,
        "contradiction": 0.8540591271703426
      },
      "confusion_matrix": [
        [
          2948,
          116,
          37
        ],
        [
          398,
          2092,
          553
        ],
        [
          282,
          61,
          2730
        ]
      ]
    }
  }
}