{
  "model": "Qwen/Qwen2-1.5B-Instruct",
  "scenario": "pair_snli_trglue",
  "datasets": [
    "snli_tr_1_1",
    "trglue_mnli"
  ],
  "n_splits": 3,
  "per_split": {
    "snli_tr_1_1__test": {
      "accuracy": 0.47,
      "f1_macro": 0.42653399005591464,
      "f1_weighted": 0.43034441968968856,
      "f1_per_class": {
        "entailment": 0.6857142857142857,
        "neutral": 0.4419889502762431,
        "contradiction": 0.1518987341772152
      },
      "classification_report": {
        "entailment": {
          "precision": 0.676056338028169,
          "recall": 0.6956521739130435,
          "f1-score": 0.6857142857142857,
          "support": 69.0
        },
        "neutral": {
          "precision": 0.3448275862068966,
          "recall": 0.6153846153846154,
          "f1-score": 0.4419889502762431,
          "support": 65.0
        },
        "contradiction": {
          "precision": 0.46153846153846156,
          "recall": 0.09090909090909091,
          "f1-score": 0.1518987341772152,
          "support": 66.0
        },
        "accuracy": 0.47,
        "macro avg": {
          "precision": 0.4941407952578423,
          "recall": 0.4673152934022499,
          "f1-score": 0.42653399005591464,
          "support": 200.0
        },
        "weighted avg": {
          "precision": 0.497616094444652,
          "recall": 0.47,
          "f1-score": 0.43034441968968856,
          "support": 200.0
        }
      }
    },
    "trglue_mnli__test_matched": {
      "accuracy": 0.705,
      "f1_macro": 0.6973304883831201,
      "f1_weighted": 0.6988657894736842,
      "f1_per_class": {
        "entailment": 0.7763157894736842,
        "neutral": 0.6756756756756757,
        "contradiction": 0.64
      },
      "classification_report": {
        "entailment": {
          "precision": 0.6941176470588235,
          "recall": 0.8805970149253731,
          "f1-score": 0.7763157894736842,
          "support": 67.0
        },
        "neutral": {
          "precision": 0.6756756756756757,
          "recall": 0.6756756756756757,
          "f1-score": 0.6756756756756757,
          "support": 74.0
        },
        "contradiction": {
          "precision": 0.7804878048780488,
          "recall": 0.5423728813559322,
          "f1-score": 0.64,
          "support": 59.0
        },
        "accuracy": 0.705,
        "macro avg": {
          "precision": 0.7167603758708493,
          "recall": 0.6995485239856603,
          "f1-score": 0.6973304883831201,
          "support": 200.0
        },
        "weighted avg": {
          "precision": 0.7127733142037304,
          "recall": 0.705,
          "f1-score": 0.6988657894736842,
          "support": 200.0
        }
      }
    },
    "trglue_mnli__test_mismatched": {
      "accuracy": 0.73,
      "f1_macro": 0.721001221001221,
      "f1_weighted": 0.72496336996337,
      "f1_per_class": {
        "entailment": 0.7948717948717948,
        "neutral": 0.7142857142857143,
        "contradiction": 0.6538461538461539
      },
      "classification_report": {
        "entailment": {
          "precision": 0.7469879518072289,
          "recall": 0.8493150684931506,
          "f1-score": 0.7948717948717948,
          "support": 73.0
        },
        "neutral": {
          "precision": 0.6666666666666666,
          "recall": 0.7692307692307693,
          "f1-score": 0.7142857142857143,
          "support": 65.0
        },
        "contradiction": {
          "precision": 0.8095238095238095,
          "recall": 0.5483870967741935,
          "f1-score": 0.6538461538461539,
          "support": 62.0
        },
        "accuracy": 0.73,
        "macro avg": {
          "precision": 0.7410594759992349,
          "recall": 0.7223109781660378,
          "f1-score": 0.721001221001221,
          "support": 200.0
        },
        "weighted avg": {
          "precision": 0.7402696500286862,
          "recall": 0.73,
          "f1-score": 0.72496336996337,
          "support": 200.0
        }
      }
    }
  },
  "combined": {
    "accuracy": 0.635,
    "f1_macro": 0.620104377782968,
    "f1_weighted": 0.6243767065888377,
    "f1_per_class": {
      "entailment": 0.7544642857142857,
      "neutral": 0.5970149253731343,
      "contradiction": 0.508833922261484
    },
    "classification_report": {
      "entailment": {
        "precision": 0.7071129707112971,
        "recall": 0.8086124401913876,
        "f1-score": 0.7544642857142857,
        "support": 209.0
      },
      "neutral": {
        "precision": 0.5283018867924528,
        "recall": 0.6862745098039216,
        "f1-score": 0.5970149253731343,
        "support": 204.0
      },
      "contradiction": {
        "precision": 0.75,
        "recall": 0.3850267379679144,
        "f1-score": 0.508833922261484,
        "support": 187.0
      },
      "accuracy": 0.635,
      "macro avg": {
        "precision": 0.6618049525012499,
        "recall": 0.6266378959877412,
        "f1-score": 0.620104377782968,
        "support": 600.0
      },
      "weighted avg": {
        "precision": 0.6596836596405358,
        "recall": 0.635,
        "f1-score": 0.6243767065888377,
        "support": 600.0
      }
    }
  }
}