{
  "snli_tr_1_1": {
    "test": {
      "accuracy": 0.7411441368078175,
      "f1_macro": 0.7402919706027009,
      "f1_per_class": {
        "entailment": 0.7970054707745465,
        "neutral": 0.6639093137254902,
        "contradiction": 0.7599611273080661
      }
    }
  },
  "multinli_tr_1_1": {
    "validation_matched": {
      "accuracy": 0.713732286675502,
      "f1_macro": 0.7085814231545132,
      "f1_per_class": {
        "entailment": 0.7508600917431193,
        "neutral": 0.6125878922997771,
        "contradiction": 0.7622962854206431
      }
    },
    "validation_mismatched": {
      "accuracy": 0.7214249363867684,
      "f1_macro": 0.7150243846627489,
      "f1_per_class": {
        "entailment": 0.7574112734864301,
        "neutral": 0.6114805740287015,
        "contradiction": 0.7761813064731151
      }
    }
  },
  "trglue_mnli": {
    "test_matched": {
      "accuracy": 0.8187166962699822,
      "f1_macro": 0.8180519569700927,
      "f1_per_class": {
        "entailment": 0.8259732266502539,
        "neutral": 0.8015959376133478,
        "contradiction": 0.8265867066466767
      }
    },
    "test_mismatched": {
      "accuracy": 0.879027883259195,
      "f1_macro": 0.8778044517319626,
      "f1_per_class": {
        "entailment": 0.8926432191675626,
        "neutral": 0.851109520400859,
        "contradiction": 0.8896606156274665
      }
    }
  }
}