{
  "snli_tr_1_1": {
    "test": {
      "accuracy": 0.7604845276872965,
      "f1_macro": 0.7620825834915443,
      "f1_per_class": {
        "entailment": 0.7899634430043204,
        "neutral": 0.7064259927797834,
        "contradiction": 0.7898583146905295
      }
    }
  },
  "multinli_tr_1_1": {
    "validation_matched": {
      "accuracy": 0.7114894484656947,
      "f1_macro": 0.7102489617262274,
      "f1_per_class": {
        "entailment": 0.7292406561812954,
        "neutral": 0.6471590029416319,
        "contradiction": 0.7543472260557549
      }
    },
    "validation_mismatched": {
      "accuracy": 0.7210178117048346,
      "f1_macro": 0.7193529898525113,
      "f1_per_class": {
        "entailment": 0.744308808973936,
        "neutral": 0.6510967334700962,
        "contradiction": 0.7626534271135016
      }
    }
  },
  "trglue_mnli": {
    "test_matched": {
      "accuracy": 0.7898534635879219,
      "f1_macro": 0.7873005125856629,
      "f1_per_class": {
        "entailment": 0.8312182741116751,
        "neutral": 0.7356364308147053,
        "contradiction": 0.7950468328306081
      }
    },
    "test_mismatched": {
      "accuracy": 0.8517955950960182,
      "f1_macro": 0.849718050427791,
      "f1_per_class": {
        "entailment": 0.8875418727069708,
        "neutral": 0.8025316455696202,
        "contradiction": 0.8590806330067822
      }
    }
  }
}