{
  "model": "MoritzLaurer/mDeBERTa-v3-base-mnli-xnli",
  "scenario": "pair_snli_trglue",
  "datasets": [
    "snli_tr_1_1",
    "trglue_mnli"
  ],
  "n_splits": 3,
  "per_split": {
    "snli_tr_1_1__test": {
      "accuracy": 0.735,
      "f1_macro": 0.7273153183447788,
      "f1_weighted": 0.7286589902429028,
      "f1_per_class": {
        "entailment": 0.8050314465408805,
        "neutral": 0.6917293233082706,
        "contradiction": 0.6851851851851852
      },
      "classification_report": {
        "entailment": {
          "precision": 0.7111111111111111,
          "recall": 0.927536231884058,
          "f1-score": 0.8050314465408805,
          "support": 69.0
        },
        "neutral": {
          "precision": 0.6764705882352942,
          "recall": 0.7076923076923077,
          "f1-score": 0.6917293233082706,
          "support": 65.0
        },
        "contradiction": {
          "precision": 0.8809523809523809,
          "recall": 0.5606060606060606,
          "f1-score": 0.6851851851851852,
          "support": 66.0
        },
        "accuracy": 0.735,
        "macro avg": {
          "precision": 0.756178026766262,
          "recall": 0.7319448667274754,
          "f1-score": 0.7273153183447788,
          "support": 200.0
        },
        "weighted avg": {
          "precision": 0.7559005602240896,
          "recall": 0.735,
          "f1-score": 0.7286589902429028,
          "support": 200.0
        }
      }
    },
    "trglue_mnli__test_matched": {
      "accuracy": 0.81,
      "f1_macro": 0.8069890116913413,
      "f1_weighted": 0.8043481826150075,
      "f1_per_class": {
        "entailment": 0.8552631578947368,
        "neutral": 0.746031746031746,
        "contradiction": 0.819672131147541
      },
      "classification_report": {
        "entailment": {
          "precision": 0.7647058823529411,
          "recall": 0.9701492537313433,
          "f1-score": 0.8552631578947368,
          "support": 67.0
        },
        "neutral": {
          "precision": 0.9038461538461539,
          "recall": 0.6351351351351351,
          "f1-score": 0.746031746031746,
          "support": 74.0
        },
        "contradiction": {
          "precision": 0.7936507936507936,
          "recall": 0.847457627118644,
          "f1-score": 0.819672131147541,
          "support": 59.0
        },
        "accuracy": 0.81,
        "macro avg": {
          "precision": 0.8207342766166295,
          "recall": 0.8175806719950408,
          "f1-score": 0.8069890116913413,
          "support": 200.0
        },
        "weighted avg": {
          "precision": 0.8247265316382963,
          "recall": 0.81,
          "f1-score": 0.8043481826150075,
          "support": 200.0
        }
      }
    },
    "trglue_mnli__test_mismatched": {
      "accuracy": 0.855,
      "f1_macro": 0.8513985161787215,
      "f1_weighted": 0.8528446813488929,
      "f1_per_class": {
        "entailment": 0.8888888888888888,
        "neutral": 0.8103448275862069,
        "contradiction": 0.8549618320610687
      },
      "classification_report": {
        "entailment": {
          "precision": 0.85,
          "recall": 0.9315068493150684,
          "f1-score": 0.8888888888888888,
          "support": 73.0
        },
        "neutral": {
          "precision": 0.9215686274509803,
          "recall": 0.7230769230769231,
          "f1-score": 0.8103448275862069,
          "support": 65.0
        },
        "contradiction": {
          "precision": 0.8115942028985508,
          "recall": 0.9032258064516129,
          "f1-score": 0.8549618320610687,
          "support": 62.0
        },
        "accuracy": 0.855,
        "macro avg": {
          "precision": 0.861054276783177,
          "recall": 0.8526031929478681,
          "f1-score": 0.8513985161787215,
          "support": 200.0
        },
        "weighted avg": {
          "precision": 0.8613540068201193,
          "recall": 0.855,
          "f1-score": 0.8528446813488929,
          "support": 200.0
        }
      }
    }
  },
  "combined": {
    "accuracy": 0.8,
    "f1_macro": 0.7960161216713896,
    "f1_weighted": 0.7965656867895693,
    "f1_per_class": {
      "entailment": 0.8491379310344828,
      "neutral": 0.7466666666666667,
      "contradiction": 0.7922437673130194
    },
    "classification_report": {
      "entailment": {
        "precision": 0.7725490196078432,
        "recall": 0.9425837320574163,
        "f1-score": 0.8491379310344828,
        "support": 209.0
      },
      "neutral": {
        "precision": 0.8187134502923976,
        "recall": 0.6862745098039216,
        "f1-score": 0.7466666666666667,
        "support": 204.0
      },
      "contradiction": {
        "precision": 0.8218390804597702,
        "recall": 0.7647058823529411,
        "f1-score": 0.7922437673130194,
        "support": 187.0
      },
      "accuracy": 0.8,
      "macro avg": {
        "precision": 0.804367183453337,
        "recall": 0.7978547080714263,
        "f1-score": 0.7960161216713896,
        "support": 600.0
      },
      "weighted avg": {
        "precision": 0.803606995006109,
        "recall": 0.8,
        "f1-score": 0.7965656867895693,
        "support": 600.0
      }
    }
  }
}