{
  "trglue_mnli": {
    "test_matched": {
      "accuracy": 0.8141651865008881,
      "f1_macro": 0.8135119478433296,
      "f1_per_class": {
        "entailment": 0.8216482164821648,
        "neutral": 0.7977507709051334,
        "contradiction": 0.8211368561426905
      },
      "confusion_matrix": [
        [
          2672,
          91,
          161
        ],
        [
          510,
          2199,
          429
        ],
        [
          398,
          85,
          2463
        ]
      ]
    },
    "test_mismatched": {
      "accuracy": 0.8753390474123901,
      "f1_macro": 0.8742662395989594,
      "f1_per_class": {
        "entailment": 0.8863357843137255,
        "neutral": 0.8505993916621936,
        "contradiction": 0.8858635428209594
      },
      "confusion_matrix": [
        [
          2893,
          96,
          112
        ],
        [
          332,
          2377,
          334
        ],
        [
          202,
          73,
          2798
        ]
      ]
    }
  }
}