{
  "model": "Qwen/Qwen2-1.5B-Instruct",
  "scenario": "triple_all",
  "datasets": [
    "snli_tr_1_1",
    "multinli_tr_1_1",
    "trglue_mnli"
  ],
  "n_splits": 5,
  "per_split": {
    "snli_tr_1_1__test": {
      "accuracy": 0.465,
      "f1_macro": 0.4265431699642226,
      "f1_weighted": 0.42990519526703735,
      "f1_per_class": {
        "entailment": 0.6486486486486487,
        "neutral": 0.42045454545454547,
        "contradiction": 0.21052631578947367
      },
      "classification_report": {
        "entailment": {
          "precision": 0.6075949367088608,
          "recall": 0.6956521739130435,
          "f1-score": 0.6486486486486487,
          "support": 69.0
        },
        "neutral": {
          "precision": 0.3333333333333333,
          "recall": 0.5692307692307692,
          "f1-score": 0.42045454545454547,
          "support": 65.0
        },
        "contradiction": {
          "precision": 0.8,
          "recall": 0.12121212121212122,
          "f1-score": 0.21052631578947367,
          "support": 66.0
        },
        "accuracy": 0.465,
        "macro avg": {
          "precision": 0.5803094233473981,
          "recall": 0.46203168811864465,
          "f1-score": 0.4265431699642226,
          "support": 200.0
        },
        "weighted avg": {
          "precision": 0.5819535864978903,
          "recall": 0.465,
          "f1-score": 0.42990519526703735,
          "support": 200.0
        }
      }
    },
    "multinli_tr_1_1__validation_matched": {
      "accuracy": 0.51,
      "f1_macro": 0.486521989728113,
      "f1_weighted": 0.5020963511532824,
      "f1_per_class": {
        "entailment": 0.6219512195121951,
        "neutral": 0.4697986577181208,
        "contradiction": 0.367816091954023
      },
      "classification_report": {
        "entailment": {
          "precision": 0.6219512195121951,
          "recall": 0.6219512195121951,
          "f1-score": 0.6219512195121951,
          "support": 82.0
        },
        "neutral": {
          "precision": 0.3888888888888889,
          "recall": 0.5932203389830508,
          "f1-score": 0.4697986577181208,
          "support": 59.0
        },
        "contradiction": {
          "precision": 0.5714285714285714,
          "recall": 0.2711864406779661,
          "f1-score": 0.367816091954023,
          "support": 59.0
        },
        "accuracy": 0.51,
        "macro avg": {
          "precision": 0.5274228932765518,
          "recall": 0.4954526663910706,
          "f1-score": 0.486521989728113,
          "support": 200.0
        },
        "weighted avg": {
          "precision": 0.5382936507936508,
          "recall": 0.51,
          "f1-score": 0.5020963511532824,
          "support": 200.0
        }
      }
    },
    "multinli_tr_1_1__validation_mismatched": {
      "accuracy": 0.465,
      "f1_macro": 0.4528922247063416,
      "f1_weighted": 0.4520272809539019,
      "f1_per_class": {
        "entailment": 0.5833333333333334,
        "neutral": 0.43870967741935485,
        "contradiction": 0.33663366336633666
      },
      "classification_report": {
        "entailment": {
          "precision": 0.5316455696202531,
          "recall": 0.6461538461538462,
          "f1-score": 0.5833333333333334,
          "support": 65.0
        },
        "neutral": {
          "precision": 0.3953488372093023,
          "recall": 0.4927536231884058,
          "f1-score": 0.43870967741935485,
          "support": 69.0
        },
        "contradiction": {
          "precision": 0.4857142857142857,
          "recall": 0.25757575757575757,
          "f1-score": 0.33663366336633666,
          "support": 66.0
        },
        "accuracy": 0.465,
        "macro avg": {
          "precision": 0.4709028975146137,
          "recall": 0.46549440897266986,
          "f1-score": 0.4528922247063416,
          "support": 200.0
        },
        "weighted avg": {
          "precision": 0.46946587324950584,
          "recall": 0.465,
          "f1-score": 0.4520272809539019,
          "support": 200.0
        }
      }
    },
    "trglue_mnli__test_matched": {
      "accuracy": 0.69,
      "f1_macro": 0.6832941618544238,
      "f1_weighted": 0.6842212408673736,
      "f1_per_class": {
        "entailment": 0.7631578947368421,
        "neutral": 0.6530612244897959,
        "contradiction": 0.6336633663366337
      },
      "classification_report": {
        "entailment": {
          "precision": 0.6823529411764706,
          "recall": 0.8656716417910447,
          "f1-score": 0.7631578947368421,
          "support": 67.0
        },
        "neutral": {
          "precision": 0.6575342465753424,
          "recall": 0.6486486486486487,
          "f1-score": 0.6530612244897959,
          "support": 74.0
        },
        "contradiction": {
          "precision": 0.7619047619047619,
          "recall": 0.5423728813559322,
          "f1-score": 0.6336633663366337,
          "support": 59.0
        },
        "accuracy": 0.69,
        "macro avg": {
          "precision": 0.7005973165521917,
          "recall": 0.6855643905985418,
          "f1-score": 0.6832941618544238,
          "support": 200.0
        },
        "weighted avg": {
          "precision": 0.6966378112888991,
          "recall": 0.69,
          "f1-score": 0.6842212408673736,
          "support": 200.0
        }
      }
    },
    "trglue_mnli__test_mismatched": {
      "accuracy": 0.735,
      "f1_macro": 0.72125715756289,
      "f1_weighted": 0.7264432541980312,
      "f1_per_class": {
        "entailment": 0.8152866242038217,
        "neutral": 0.7222222222222222,
        "contradiction": 0.6262626262626263
      },
      "classification_report": {
        "entailment": {
          "precision": 0.7619047619047619,
          "recall": 0.8767123287671232,
          "f1-score": 0.8152866242038217,
          "support": 73.0
        },
        "neutral": {
          "precision": 0.6582278481012658,
          "recall": 0.8,
          "f1-score": 0.7222222222222222,
          "support": 65.0
        },
        "contradiction": {
          "precision": 0.8378378378378378,
          "recall": 0.5,
          "f1-score": 0.6262626262626263,
          "support": 62.0
        },
        "accuracy": 0.735,
        "macro avg": {
          "precision": 0.7526568159479551,
          "recall": 0.7255707762557077,
          "f1-score": 0.72125715756289,
          "support": 200.0
        },
        "weighted avg": {
          "precision": 0.7517490184578791,
          "recall": 0.735,
          "f1-score": 0.7264432541980312,
          "support": 200.0
        }
      }
    }
  },
  "combined": {
    "accuracy": 0.573,
    "f1_macro": 0.5567428360792265,
    "f1_weighted": 0.5620523082778439,
    "f1_per_class": {
      "entailment": 0.6875816993464052,
      "neutral": 0.5343709468223087,
      "contradiction": 0.4482758620689655
    },
    "classification_report": {
      "entailment": {
        "precision": 0.6430317848410758,
        "recall": 0.7387640449438202,
        "f1-score": 0.6875816993464052,
        "support": 356.0
      },
      "neutral": {
        "precision": 0.46924829157175396,
        "recall": 0.6204819277108434,
        "f1-score": 0.5343709468223087,
        "support": 332.0
      },
      "contradiction": {
        "precision": 0.6842105263157895,
        "recall": 0.3333333333333333,
        "f1-score": 0.4482758620689655,
        "support": 312.0
      },
      "accuracy": 0.573,
      "macro avg": {
        "precision": 0.5988302009095398,
        "recall": 0.5641931019959989,
        "f1-score": 0.5567428360792265,
        "support": 1000.0
      },
      "weighted avg": {
        "precision": 0.5981834324157717,
        "recall": 0.573,