{
  "model": "Qwen/Qwen2-1.5B-Instruct",
  "scenario": "single_mnli",
  "datasets": [
    "multinli_tr_1_1"
  ],
  "n_splits": 2,
  "per_split": {
    "multinli_tr_1_1__validation_matched": {
      "accuracy": 0.495,
      "f1_macro": 0.4545739254302912,
      "f1_weighted": 0.47578904826616275,
      "f1_per_class": {
        "entailment": 0.6390532544378699,
        "neutral": 0.4563758389261745,
        "contradiction": 0.2682926829268293
      },
      "classification_report": {
        "entailment": {
          "precision": 0.6206896551724138,
          "recall": 0.6585365853658537,
          "f1-score": 0.6390532544378699,
          "support": 82.0
        },
        "neutral": {
          "precision": 0.37777777777777777,
          "recall": 0.576271186440678,
          "f1-score": 0.4563758389261745,
          "support": 59.0
        },
        "contradiction": {
          "precision": 0.4782608695652174,
          "recall": 0.1864406779661017,
          "f1-score": 0.2682926829268293,
          "support": 59.0
        },
        "accuracy": 0.495,
        "macro avg": {
          "precision": 0.49224276750513635,
          "recall": 0.4737494832575444,
          "f1-score": 0.4545739254302912,
          "support": 200.0
        },
        "weighted avg": {
          "precision": 0.5070141595868732,
          "recall": 0.495,
          "f1-score": 0.47578904826616275,
          "support": 200.0
        }
      }
    },
    "multinli_tr_1_1__validation_mismatched": {
      "accuracy": 0.46,
      "f1_macro": 0.44325093165857504,
      "f1_weighted": 0.4419773016792125,
      "f1_per_class": {
        "entailment": 0.6293706293706294,
        "neutral": 0.42038216560509556,
        "contradiction": 0.28
      },
      "classification_report": {
        "entailment": {
          "precision": 0.5769230769230769,
          "recall": 0.6923076923076923,
          "f1-score": 0.6293706293706294,
          "support": 65.0
        },
        "neutral": {
          "precision": 0.375,
          "recall": 0.4782608695652174,
          "f1-score": 0.42038216560509556,
          "support": 69.0
        },
        "contradiction": {
          "precision": 0.4117647058823529,
          "recall": 0.21212121212121213,
          "f1-score": 0.28,
          "support": 66.0
        },
        "accuracy": 0.46,
        "macro avg": {
          "precision": 0.4545625942684766,
          "recall": 0.460896591331374,
          "f1-score": 0.44325093165857504,
          "support": 200.0
        },
        "weighted avg": {
          "precision": 0.45275735294117647,
          "recall": 0.46,
          "f1-score": 0.4419773016792125,
          "support": 200.0
        }
      }
    }
  },
  "combined": {
    "accuracy": 0.4775,
    "f1_macro": 0.44908305202422855,
    "f1_weighted": 0.4592035211520505,
    "f1_per_class": {
      "entailment": 0.6346153846153846,
      "neutral": 0.43790849673202614,
      "contradiction": 0.27472527472527475
    },
    "classification_report": {
      "entailment": {
        "precision": 0.6,
        "recall": 0.673469387755102,
        "f1-score": 0.6346153846153846,
        "support": 147.0
      },
      "neutral": {
        "precision": 0.37640449438202245,
        "recall": 0.5234375,
        "f1-score": 0.43790849673202614,
        "support": 128.0
      },
      "contradiction": {
        "precision": 0.43859649122807015,
        "recall": 0.2,
        "f1-score": 0.27472527472527475,
        "support": 125.0
      },
      "accuracy": 0.4775,
      "macro avg": {
        "precision": 0.47166699520336425,
        "recall": 0.4656356292517007,
        "f1-score": 0.44908305202422855,
        "support": 400.0
      },
      "weighted avg": {
        "precision": 0.47801084171101915,
        "recall": 0.4775,
        "f1-score": 0.4592035211520505,
        "support": 400.0
      }
    }
  }
}